actual_gloss,normalized_gloss
_1_far,FAR
_1_go_steady,GO_STEADY
_1_who,WHO
_1h__l_x_interesting_zero_2,INTERESTING_ZERO
_1h_area,AREA
_1h_eat_up,EAT_UP
_1h_good_thank_you,GOOD_THANK_YOU
_1h_hammer_agent,HAMMER_AGENT
_1h_happy__1h_most,HAPPY_MOST
_1h_happy__new_year,HAPPY_NEW_YEAR
_1h_last_year,LAST_YEAR
_1h_none_nothing,NONE
_1h_scream,SCREAM
_1h_stay,STAY
_2h__back_2,BACK
_2h_alt_angry,ANGRY
_2h_alt_use_sign_language,USE_SIGN_LANGUAGE
_2h_dribble__shoot_basket,DRIBBLE_SHOOT_BASKET
_2h_thank_you_suggest,THANK_YOU_SUGGEST
_2h_thumbs_up_good,THUMBS_UP_GOOD
_5_crash,CRASH
_5_foot,FOOT
_5_weather,WEATHER
_a_ns_africa,AFRICA
_a_ns_asia,ASIA
_ac,AC
_all,ALL
_asl,ASL
_b_blinds,BLIND
_b_hospital_2,HOSPITAL
_b_l_napkin,NAPKIN
_back,BACK
_bbq,BBQ
_bus,BUS
_c_vomit,VOMIT
_cc,CC
_cheek_blind,CHEEK_BLIND
_club,CLUB
_co,CO
_cocked_8_fool,FOOL
_cocked_8_shoot_arrow,SHOOT_ARROW
_cp,CP
_do___what_,DO_WHAT
_dog,DOG
_e_e_mail,EMAIL
_early,EARLY
_ed,ED
_elbow_cheat,ELBOW_CHEAT
_ff,FF
_fix,FIX
_flat_o_pay_spend,FLAT_O_PAY_SPEND
_g_thanksgiving,THANKSGIVING
_ha_ha,HA_HA
_horns_shoot_arrow,HORNS_SHOOT_ARROW
_hr,HR
_i_iron_metal,IRON_METAL
_if,IF
_job,JOB
_k_kitchen,KITCHEN
_l_leather,LEATHER
_l_live_box_room,LIVE_BOX_ROOM
_l_rifle,RIFLE
_l_x_interesting,INTEREST
_l_x_thick,THICK
_lab,LAB
_m_model,MODEL
_m_ns_mexico,MEXICO
_mw,MW
_no,NO
_od,OD
_off,OFF
_ok,OK
_or,OR
_p_paranoid,PARANOID
_p_participate,PARTICIPATE
_p_penis,PENIS
_p_profession,PROFESSION
_pe,PE
_pizza,PIZZA
_po,PO
_r_best_friend,BEST_FRIEND
_ref,REF
_rr,RR
_s_bomb,BOMB
_s_broom,BROOM
_s_ketchup,KETCHUP
_s_mosquito,MOSQUITO
_s_old__average,AVERAGE
_s_old__ff,FF
_s_old_five_2,FIVE
_s_old_four_2,FOUR
_s_old_one_2,ONE
_s_old_testament,TESTAMENT
_s_old_three_2,THREE
_s_old_two_2,TWO
_s_purse,PURSE
_ss,SS
_tty,TTY
_tv,TV
_u_bowtie,BOWTIE
_u_secretary,SECRETARY
_v_crawl,CRAWL
_w_war,WAR
_what,WHAT
_will,WILL
_wow,WOW
_x_fool_doll,FOOL_DOLL
_x_fool_doll__d_day,FOOL_DOLL_D_DAY
_y_bathing_suit,BATHING_SUIT
_y_bull,BULL
_yes,YES
1p_help_i,HELP
a,A
a_level_above,A_LEVEL_ABOVE
a_lot,A_LOT
abandon,ABANDON
abdomen,ABDOMEN
abortion,ABORT
about,ABOUT
above,ABOVE
absent,ABSENT
abstract,ABSTRACT
abuse,ABUSE
accept,ACCEPT
accident,ACCIDENT
accompany,ACCOMPANY
acquire,ACQUIRE
act,ACT
act_agent,ACT_AGENT
action,ACTION
adapt,ADAPT
add,ADD
addicted,ADDICT
address,ADDRESS
admit,ADMIT
adult_tall,ADULT_TALL
adultery,ADULTERY
adventurous_sneaky,ADVENTUROUS_SNEAKY
advertise,ADVERTISE
advise_influence,ADVISE_INFLUENCE
advise_influence_agent,ADVISE_INFLUENCE_AGENT
afraid,AFRAID
afternoon,AFTERNOON
again,AGAIN
against,AGAINST
age_five,AGE_FIVE
age_four,AGE_FOUR
age_one,AGE_ONE
age_two,AGE_TWO
agent,AGENT
aggressive,AGGRESSIVE
agree,AGREE
ahead,AHEAD
air,AIR
air_pump,AIR_PUMP
airplane,AIRPLANE
airplane__agent,AIRPLANE_AGENT
alarm,ALARM
alcohol,ALCOHOL
algebra,ALGEBRA
all,ALL
all_afternoon,ALL_AFTERNOON
all_day,ALL_DAY
all_night,ALL_NIGHT
all_night_after_midnight,ALL_NIGHT_AFTER_MIDNIGHT
all_right,ALL_RIGHT
allergy,ALLERGY
alligator,ALLIGATOR
allow,ALLOW
almost,ALMOST
alone,ALONE
also,ALSO
always,ALWAY
always_forever_2,ALWAYS_FOREVER
amazed,AMAZE
ambulance,AMBULANCE
among,AMONG
analyze,ANALYZE
and,AND
angel,ANGEL
angle,ANGLE
animal,ANIMAL
announce,ANNOUNCE
answer,ANSWER
answer_agent,ANSWER_AGENT
any,ANY
any_one,ANY_ONE
any_thing,ANY_THING
any_where,ANY_WHERE
anyway_not_matter,ANYWAY_NOT_MATTER
applause,APPLAUSE
apple,APPLE
apply,APPLY
appoint,APPOINT
appointment,APPOINTMENT
approve,APPROVE
approve_veto,APPROVE_VETO
argue,ARGUE
arm,ARM
arm_short_sleeve,ARM_SHORT_SLEEVE
around,AROUND
arrive,ARRIVE
art_design,ART_DESIGN
art_design_agent,ART_DESIGN_AGENT
article,ARTICLE
ask,ASK
assault,ASSAULT
assist,ASSIST
association,ASSOCIATION
astonished,ASTONISH
astray,ASTRAY
attempt,ATTEMPT
attention_wave,ATTENTION_WAVE
attitude,ATTITUDE
auction,AUCTION
audience,AUDIENCE
audiology,AUDIOLOGY
audiology_agent,AUDIOLOGY_AGENT
aunt,AUNT
authority,AUTHORITY
autumn,AUTUMN
available,AVAILABLE
average,AVERAGE
avoid_fall_behind,AVOID_FALL_BEHIND
awkward,AWKWARD
b,B
baby,BABY
bachelor,BACHELOR
back,BACK
background,BACKGROUND
backpack,BACKPACK
backstab,BACKSTAB
bacon,BACON
bad,BAD
bad_dream,BAD_DREAM
badge,BADGE
bag,BAG
bake_oven,BAKE_OVEN
baking_sprinkles,BAKING_SPRINKLE
balance,BALANCE
bald,BALD
bald_all_gone,BALD_ALL_GONE
ball,BALL
balloon,BALLOON
banana,BANANA
bandaid,BANDAID
baptist,BAPTIST
bar,BAR
bark,BARK
baseball,BASEBALL
basement,BASEMENT
basket,BASKET
basketball,BASKETBALL
bat,BAT
bath,BATH
bath_bathrobe,BATH_BATHROBE
bath_coat,BATH_COAT
bath_dress_clothes,BATH_DRESS_CLOTH
bath_fs_tub,BATH_T+U+B
bathing_suit,BATHING_SUIT
bathrobe,BATHROBE
bawl_out,BAWL_OUT
beach,BEACH
beans,BEAN
bear,BEAR
beard,BEARD
beat,BEAT
beat_2,BEAT
beat_3,BEAT
beautiful,BEAUTIFUL
beautiful_dress_clothes,BEAUTIFUL_DRESS_CLOTH
beaver,BEAVER
because,BECAUSE
become,BECOME
become_fat,BECOME_FAT
become_quiet,BECOME_QUIET
bed,BED
bed_box_room,BED_BOX_ROOM
bed_cushion,BED_CUSHION
bee,BEE
beer,BEER
before_2,BEFORE
before_2_school,BEFORE_SCHOOL
beg,BEG
beg_agent,BEG_AGENT
behavior,BEHAVIOR
behind,BEHIND
bell,BELL
belong,BELONG
below,BELOW
below_2,BELOW
belt,BELT
benefit,BENEFIT
berry,BERRY
best,BEST
best_friend,BEST_FRIEND
bet,BET
better,GOOD
between_share,BETWEEN_SHARE
between_share_agent,BETWEEN_SHARE_AGENT
bicycle,BICYCLE
big,BIG
big_headed,BIG_HEAD
bike_pump,BIKE_PUMP
bill_owe_1p,BILL_OWE
billiards,BILLIARD
billion,BILLION
bind_tie_up,BIND_TIE_UP
biology,BIOLOGY
bird,BIRD
bird__peck,BIRD_PECK
birth,BIRTH
birthday,BIRTHDAY
bison_buffalo,BISON_BUFFALO
bite,BITE
bite_nails,BITE_NAIL
bitter,BITTER
black,BLACK
black_berry,BLACK_BERRY
black_out,BLACK_OUT
blame,BLAME
blank_out,BLANK_OUT
blanket,BLANKET
bless,BLESS
blind,BLIND
blindfold,BLINDFOLD
blinds,BLIND
blink_wink,BLINK_WINK
block,BLOCK
blond,BLOND
blood,BLOOD
blossom,BLOSSOM
blouse,BLOUSE
blow_nose,BLOW_NOSE
blow_up,BLOW_UP
blue,BLUE
blue_berry,BLUE_BERRY
blush,BLUSH
blush_brush,BLUSH_BRUSH
board,BOARD
boat,BOAT
body,BODY
boil,BOIL
bomb,BOMB
bone,BONE
book,BOOK
book_page,BOOK_PAGE
boot,BOOT
bore,BORE
born,BORN
borrow,BORROW
boss,BOSS
boss_lowercase_tiny,BOSS_LOWERCASE_TINY
both,BOTH
bother,BOTHER
bottle,BOTTLE
bowel_movement,BOWEL_MOVEMENT
bowl,BOWL
bowling,BOWLING
bowling_strike,BOWLING_STRIKE
bowtie,BOWTIE
box_2,BOX
box_room,BOX_ROOM
boxing,BOX
boy,BOY
boy_2_correct,BOY_CORRECT
boy_2_correct_law,BOY_CORRECT_LAW
boy_3_marry,BOY_MARRY
boy_baby,BOY_BABY
boy_dcl_round_flat_,BOY_ROUND_FLAT
boy_friend,BOY_FRIEND
bpcl_b_tapping_foot_,TAPPING_FOOT
bra,BRA
bra_underpants,BRA_UNDERPANT
bracelet,BRACELET
brag,BRAG
brake,BRAKE
brave_recover,BRAVE_RECOVER
brawl,BRAWL
bread,BREAD
bread_dcl_rounded_rectangle_,BREAD_ROUNDED_RECTANGLE
break,BREAK
break_down,BREAK_DOWN
break_down_building,BREAK_DOWN_BUILDING
breasts,BREAST
breathe,BREATHE
bridge,BRIDGE
bring_1p,BRING
broke,BROKE
broom,BROOM
brother,BROTHER
brown,BROWN
brush_teeth,BRUSH_TEETH
bucket,BUCKET
bug,BUG
build,BUILD
building,BUILDING
bull,BULL
bury,BURY
business,BUSINESS
busy,BUSY
but,BUT
butter,BUTTER
butterfly,BUTTERFLY
button,BUTTON
buy,BUY
buy__agent,BUY_AGENT
c,C
cabbage,CABBAGE
cabinet,CABINET
caesarean_section,CAESAREAN_SECTION
cafeteria,CAFETERIA
cake,CAKE
calculator,CALCULATOR
calculus,CALCULUS
calendar,CALENDAR
call_by_phone,CALL_BY_PHONE
call_on_relay_vrs,CALL_ON_RELAY_VRS
calm_down,CALM_DOWN
camera,CAMERA
camera_flash,CAMERA_FLASH
camp,CAMP
can,CAN
cancel_criticize,CANCEL_CRITICIZE
candle,CANDLE
candy,CANDY
cane,CANE
cannot,CANNOT
capital_letter,CAPITAL_LETTER
captions,CAPTION
car,CAR
car_dcl_1_speedometer_,CAR_SPEEDOMETER
car_dcl_long_flat_surface_,CAR_LONG_FLAT_SURFACE
car_engine,CAR_ENGINE
car_horn,CAR_HORN
car_trunk,CAR_TRUNK
cardigan,CARDIGAN
care,CARE
care__agent,CARE_AGENT
careless,CARELESS
carpenter,CARPENTER
carrot,CARROT
carrot_2,CARROT
carry,CARRY
carry_suitcase,CARRY_SUITCASE
cashier,CASHIER
cashier_agent,CASHIER_AGENT
cat,CAT
cat_fs_up,CAT_U+P
catch,CATCH
catch_ball,CATCH_BALL
caterpillar,CATERPILLAR
catholic,CATHOLIC
cause,CAUSE
ceiling,CEILING
celebrate,CELEBRATE
celebrate__2h_ix_honorific_upward,CELEBRATE_HONORIFIC_UPWARD
cent_eight,CENT_EIGHT
cent_five,CENT_FIVE
cent_one,CENT_ONE
cent_ten,CENT_TEN
cent_twenty_five,CENT_TWENTY_FIVE
center,CENTER
center_ns_america,CENTER_AMERICA
cereal,CEREAL
certify,CERTIFY
chain_olympics,CHAIN_OLYMPICS
chalk,CHALK
challenge,CHALLENGE
champ,CHAMP
chance,OPPORTUNITY
change,CHANGE
channel,CHANNEL
chapter,CHAPTER
character,CHARACTER
characteristic,CHARACTERISTIC
chase,CHASE
chat,CHAT
cheap,CHEAP
cheat,CHEAT
check,CHECK
check_list,CHECK_LIST
checkers,CHECKER
checking_account,CHECKING_ACCOUNT
cheese,CHEESE
chemistry,CHEMISTRY
cherish,CHERISH
cherry,CHERRY
chest,CHEST
chew,CHEW
child,CHILD
chin,CHIN
chocolate,CHOCOLATE
choke,CHOKE
choose,CHOOSE
christ,CHRIST
christmas,CHRISTMAS
church,CHURCH
cigar,CIGAR
cigarette,CIGARETTE
circle,CIRCLE
circumcise,CIRCUMCISE
city_community,CITY_COMMUNITY
class,CLASS
class_box_room,CLASS_BOX_ROOM
clear,CLEAR
clever,CLEVER
climb,CLIMB
climbing_rocks,CLIMBING_ROCK
clip_nails,CLIP_NAIL
close,CLOSE
close_door,CLOSE_DOOR
close_window,CLOSE_WINDOW
clown,CLOWN
coach,COACH
coat,COAT
cocaine,COCAINE
coconut,COCONUT
coffee,COFFEE
coins_change,COINS_CHANGE
cold,COLD
cold_door,COLD_DOOR
collapse,FALL
collar,COLLAR
collect,COLLECT
college,COLLEGE
color,COLOR
comb,COMB
come,COME
come_on,COME_ON
comfortable,COMFORT
committee,COMMITTEE
common_sense,COMMON_SENSE
communicate,COMMUNICATE
communicate_miscommunicate,COMMUNICATE_MISCOMMUNICATION
communist,COMMUNIST
commute,COMMUTE
compare,COMPARE
competition,COMPETITION
complain_object,COMPLAIN_OBJECT
complicated,COMPLICATE
computer,COMPUTER
concept,CONCEPT
concern,CONCERN
conclusion,CONCLUSION
conduct_music,CONDUCT_MUSIC
conductor,CONDUCTOR
confident,CONFIDENT
confidential,CONFIDENTIAL
conflict_intersection,CONFLICT_INTERSECTION
confront,CONFRONT
confuse,CONFUSE
congratulations,CONGRATULATION
constitution,CONSTITUTION
contact,CONTACT
contact_lenses,CONTACT_LENS
continue,CONTINUE
convince,CONVINCE
cook_kitchen,COOK_KITCHEN
cook_kitchen_agent,COOK_KITCHEN_AGENT
cook_kitchen_box_room,COOK_KITCHEN_BOX_ROOM
cookie,COOKIE
cooking,COOK
cool,COOL
cooperate_unite,COOPERATE_UNITE
cop,COP
cop__research,COP_RESEARCH
copy,COPY
copy_down,COPY_DOWN
corn,CORN
corn_3,CORN
corn_4,CORN
corner,CORNER
correct,CORRECT
correspond,CORRESPOND
couch,COUCH
cough,COUGH
cough_2,COUGH
count,COUNT
country,COUNTRY
course,COURSE
court,COURT
court_agent,COURT_AGENT
court_box_room,COURT_BOX_ROOM
court_house,COURT_HOUSE
cousin,COUSIN
cover,COVER
cow,COW
crack,CRACK
cracker_passover,CRACKER_PASSOVER
crawl,CRAWL
crazy,CRAZY
cream,CREAM
create_pretend,CREATE_PRETEND
credit_card,CREDIT_CARD
cripple,CRIPPLE
cross,CROSS
cross_my_heart,CROSS_MY_HEART
crowded,CROWD
crown,CROWN
crown_dcl_4_coronet_,CROWN_CORONET
cruel,CRUEL
crush,CRUSH
cry,CRY
cubed,CUBE
culture,CULTURE
cup,CUP
curious,CURIOUS
curly,CURLY
curriculum,CURRICULUM
curse,CURSE
curtain,CURTAIN
curve,CURVE
cushion,CUSHION
customer,CUSTOMER
cut,CUT
cut_fabric,CUT_FABRIC
cut_with_scissors,CUT_WITH_SCISSOR
cute,CUTE
cute__dcl_cane_,CUTE_CANE
cycle,CYCLE
d,D
dance,DANCE
danger,DANGER
dare,DARE
dark,DARK
darts,DART
dash_lines,DASH_LINE
date_dessert,DATE_DESSERT
daughter,DAUGHTER
day,DAY
dcl_1_speedometer_,SPEEDOMETER
dcl_can__icl_open_can_,CAN_OPEN_CAN
dcl_crvd_5_tall_wide_cylindrical_object_,TALL_WIDE_CYLINDRICAL_OBJECT
dcl_crvd_5_tall_wide_cylindrical_object__handle,TALL_WIDE_CYLINDRICAL_OBJECT_HANDLE
dcl_crvd_v_couch_shaped_object_,COUCH_SHAPED_OBJECT
dcl_flat_stack_,STACK
dcl_long_stringed_hanging_object_,STRINGED_HANGING_OBJECT
dcl_pile_,PILE
dcl_rough_surface_,ROUGH_SURFACE
dcl_steam_rising_,STEAM_RISING
dcl_t__volunteer_shirt,VOLUNTEER_SHIRT
dcl_thick_strip_,THICK_STRIP
dcl_thin_cylindrical_object_,THIN_CYLINDRICAL_OBJECT
deaf,DEAF
deaf_applause,DEAF_APPLAUSE
deal_cards,DEAL_CARD
decide,DECIDE
deconstruct,DECONSTRUCT
decorate,DECORATE
decrease,DECREASE
deep,DEEP
deer,DEER
defend,DEFEND
deflate,DEFLATE
deflate_2,DEFLATE
delete,DELETE
delicious,DELICIOUS
democrat,DEMOCRAT
dentist,DENTIST
deny,DENY
department,DEPARTMENT
depend,DEPEND
deposit,DEPOSIT
depress,DEPRESS
destroy,DESTROY
detective,DETECTIVE
deteriorate,DETERIORATE
develop,DEVELOP
devil_mischievous,DEVIL_MISCHIEVOUS
devour,DEVOUR
dial_rotary,DIAL_ROTARY
dialog,DIALOG
diamond,DIAMOND
dictionary,DICTIONARY
die,DEATH
dim,DIM
dimple,DIMPLE
dinner,DINNER
dinner__box_room,DINNER_BOX_ROOM
dinosaur,DINOSAUR
diploma,DIPLOMA
direct,DIRECT
direct_agent,DIRECT_AGENT
dirty,DIRTY
disagree,DISAGREE
disappear,DISAPPEAR
disappoint,DISAPPOINT
discipline,DISCIPLINE
disconnect,DISCONNECT
discriminate,DISCRIMINATE
discuss,DISCUSS
disgust,DISGUST
dish,DISH
dismiss,DISMISS
distribute,DISTRIBUTE
dive,DIVE
dive_off_board,DIVE_OFF_BOARD
divide,DIVIDE
divorce,DIVORCE
dizzy,DIZZY
do,DO
do_do,DO_DO
do_do_happen,DO_DO_HAPPEN
doctor,DOCTOR
dollar,DOLLAR
don_t,DON'T
donkey,DONKEY
donut,DONUT
door,DOOR
door_square,DOOR_SQUARE
doorbell,DOORBELL
dorm,DORM
doubt,DOUBT
down,DOWN
down_to_earth,DOWN_TO_EARTH
downstairs,DOWNSTAIR
dragon,DRAGON
dream,DREAM
dress_clothes,DRESS_CLOTH
dresser,DRESSER
dribble,DRIBBLE
drill,DRILL
drink,DRINK
drip,DRIP
drive,DRIVE
drool,DROOL
drop,DROP
drown,DROWN
drugs,DRUG
drums,DRUM
drunk,DRUNK
dry,DRY
dry__nd_c_spin,DRY_ND_C_SPIN
dry_area,DRY_AREA
dry_cereal,DRY_CEREAL
duck,DUCK
during_while,DURING_WHILE
dusting,DUST
duty,DUTY
dye,DYE
e,E
e_mail,E_MAIL
e_mail_2,E_MAIL
each,EACH
each_one,EACH_ONE
eagle,EAGLE
ear_2_birthday_2,EAR_BIRTHDAY
ear_ear_hurt,EAR_EAR_HURT
ear_hurt,EAR_HURT
earmuff,EARMUFF
earring,EARRING
earth,EARTH
earth_rumble,EARTH_RUMBLE
earth_sphere,EARTH_SPHERE
east,EAST
easter,EASTER
easy,EASY
eat,EAT
eat__sell,EAT_SELL
eat_box_room,EAT_BOX_ROOM
eat_buy,EAT_BUY
eat_morning,EAT_MORNING
eat_night,EAT_NIGHT
eat_noon,EAT_NOON
eat_with_fork,EAT_WITH_FORK
economic,ECONOMIC
edge_cliff,EDGE_CLIFF
effort,EFFORT
egg,EGG
ego,EGO
eight,EIGHT
eight_hour,EIGHT_HOUR
eight_hours,EIGHT_HOUR
eight_months,EIGHT_MONTH
eight_weeks,EIGHT_WEEK
eighteen,EIGHTEEN
eighth,EIGHT
eighth_place,EIGHTH_PLACE
eighty_eight,EIGHTY_EIGHT
eighty_nine,EIGHTY_NINE
either,EITHER
elastic,ELASTIC
elbow,ELBOW
elbow_patch,ELBOW_PATCH
electric,ELECTRIC
electric_agent,ELECTRIC_AGENT
elementary,ELEMENTARY
elephant,ELEPHANT
elevator,ELEVATOR
eleven,ELEVEN
embarrass,EMBARRASS
emergency,EMERGENCY
emotion,EMOTION
emotionless,EMOTIONLESS
emphasize,EMPHASIZE
empty_early,EMPTY_EARLY
empty_naked,EMPTY_NAKED
encourage,ENCOURAGE
encyclopedia,ENCYCLOPEDIA
end,END
energy,ENERGY
engagement,ENGAGEMENT
engine,ENGINE
engineering_agent,ENGINEERING_AGENT
enough,ENOUGH
enter,ENTER
environment,ENVIRONMENT
episcopal,EPISCOPAL
equal,EQUAL
equipment,EQUIPMENT
erase,ERASE
erase_board,ERASE_BOARD
erect,ERECT
escape,ESCAPE
etcetera,ETCETERA
evaluate,EVALUATE
evening,EVENING
every__2h_thing,EVERY_THING
every_friday,EVERY_FRIDAY
every_monday,EVERY_MONDAY
every_month_rent,EVERY_MONTH_RENT
every_saturday,EVERY_SATURDAY
every_sunday,EVERY_SUNDAY
every_thursday,EVERY_THURSDAY
every_tuesday,EVERY_TUESDAY
every_two_years,EVERY_TWO_YEAR
every_wednesday,EVERY_WEDNESDAY
every_week,EVERY_WEEK
every_year,EVERY_YEAR
everyday,EVERYDAY
exact,EXACT
exaggerate,EXAGGERATE
exceed,EXCEED
excited,EXCITED
excuse,EXCUSE
expand,EXPAND
expensive,EXPENSIVE
experience,EXPERIENCE
experiment,EXPERIMENT
expert,EXPERT
explain,EXPLAIN
exploit,EXPLOIT
expose,EXPOSE
express,EXPRESS
eye_mask,EYE_MASK
eyebrow,EYEBROW
eyebrow_frown,EYEBROW_FROWN
eyelashes,EYELASH
eyes,EYE
f,F
face,FACE
face_nice_clean,FACE_NICE_CLEAN
face_same,FACE_SAME
face_strong,FACE_STRONG
facial_expression,FACIAL_EXPRESSION
faculty,FACULTY
fail,FAIL
fall,FALL
fall_in_love,FALL_IN_LOVE
fall_into_place,FALL_INTO_PLACE
falsehood,FALSEHOOD
family,FAMILY
famous,FAMOUS
fancy,FANCY
fancy_box_room,FANCY_BOX_ROOM
fantasy,FANTASY
far,FAR
farm,FARM
farm_agent,FARM_AGENT
fascinate,FASCINATE
fast,FAST
fast_3,FAST
fasting,FAST
fat,FAT
father,FATHER
father_law,FATHER_LAW
fault,FAULT
favorite_prefer,FAVORITE_PREFER
fax,FAX
feather,FEATHER
fed_up_full,FED_UP_FULL
federal,FEDERAL
feed,FEED
feedback,FEEDBACK
feel,FEEL
feel_deflate,FEEL_DEFLATE
feel_grief,FEEL_GRIEF
feel_none_nothing,FEEL_NONE_NOTHING
female_cousin,FEMALE_COUSIN
female_figure,FEMALE_FIGURE
fence,FENCE
ferris_wheel_fair,FERRIS_WHEEL_FAIR
few,FEW
few_close,FEW_CLOSE
fiance,FIANCE
fifteen,FIFTEEN
fifth,FIFTH
fifth_place,FIFTH_PLACE
fifty_five,FIFTY_FIVE
fight,FIGHT
figure_out,FIGURE_OUT
file,FILE
fill_out,FILL_OUT
filthy,FILTHY
finally,FINALLY
financial,FINANCIAL
find_find_out,FIND_FIND_OUT
fine,FINE
finger,FINGER
fingerprints,FINGERPRINT
fingers,FINGER
fingerspell,FINGERSPELL
finish,FINISH
fire_burn,FIRE_BURN
fire_burn_place,FIRE_BURN_PLACE
fired,FIRED
fireman,FIREMAN
first,FIRST
first_in_list,FIRST_IN_LIST
first_place,FIRST_PLACE
fish,FISH
fishing,FISHING
fist,FIST
five,FIVE
five_2_hour,FIVE_HOUR
five_dollars,FIVE_DOLLAR
five_hours,FIVE_HOUR
five_months,FIVE_MONTH
five_weeks,FIVE_WEEK
fix,FIX
flag,FLAG
flag_2,FLAG
flashlight,FLASHLIGHT
flashlight_2,FLASHLIGHT
flat_floor,FLAT_FLOOR
flat_level,FLAT_LEVEL
flat_tire,FLAT_TIRE
flexible,FLEXIBLE
flip_flop,FLIP_FLOP
flip_over,FLIP_OVER
flirt,FLIRT
float,FLOAT
flow,FLOW
flower,FLOWER
flunk,FLUNK
flute,FLUTE
fly_by_plane,FLY_BY_PLANE
fly_by_wings,FLY_BY_WING
fly_kite,FLY_KITE
focus_narrow,FOCUS_NARROW
fold,FOLD
follow,FOLLOW
foot,FOOT
football,FOOTBALL
footstep,FOOTSTEP
for,FOR
for_for,FOR_FOR
force,FORCE
forehead,FOREHEAD
foreign,FOREIGN
forever,FOREVER
forget,FORGET
fork,FORK
fork_in_road,FORK_IN_ROAD
fork_in_road_3,FORK_IN_ROAD
form,FORM
formerly,FORMERLY
forty,FORTY
forty_four,FORTY_FOUR
foundation,FOUNDATION
fountain,FOUNTAIN
four,FOUR
four_2_hour,FOUR_HOUR
four_dollars,FOUR_DOLLAR
four_hours,FOUR_HOUR
four_months,FOUR_MONTH
four_weeks,FOUR_WEEK
fourteen,FOURTEEN
fourth_place,FOURTH_PLACE
fox,FOX
fraction,FRACTION
frame,FRAME
freckles,FRECKLE
free,FREE
freeze,FREEZE
freshman,FRESHMAN
freshman_2,FRESHMAN
freshman_3,FRESHMAN
freshman_4,FRESHMAN
friday,FRIDAY
friend,FRIEND
friendly,FRIENDLY
frog,FROG
from,FROM
from_now_on,FROM_NOW_ON
front,FRONT
fruit,FRUIT
frustrate,FRUSTRATE
frustrated_thwarted,FRUSTRATED_THWART
fs_beaver,B+E+A+V+E+R
fs_blouse,B+L+O+U+S+E
fs_checkers,C+H+E+C+K+E+R
fs_feather,F+E+A+T+H+E+R
fs_feet,F+E+E+T
fs_gravity,G+R+A+V+I+T+Y
fs_hall,H+A+L+L
fs_hell,H+E+L+L
fs_holy,H+O+L+Y
fs_i_phone,I+P+H+O+N+E
fs_ice_ice_skate,I+C+E_I+C+E_S+K+A+T+E
fs_jelly,J+E+L+L+Y
fs_jelly_fish,J+E+L+L+Y_F+I+S+H
fs_jewelry,J+E+W+E+L+R+Y
fs_lake,L+A+K+E
fs_mayo,M+A+Y+O
fs_mayo_icl_spread_with_knife_,M+A+Y+O_S+P+R+E+A+D_W+I+T+H_K+N+I+F+E
fs_pickle,P+I+C+K+L+E
fs_rehab,R+E+H+A+B
fs_tattoo,T+A+T+T+O+O
fs_wart,W+A+R+T
full,FULL
fun,FUN
function,FUNCTION
funeral,FUNERAL
funny,FUNNY
furniture,FURNITURE
future,FUTURE
g,G
gamble,GAMBLE
game,GAME
gang,GANG
gang___scl_c_group_go_together_,GANG_GROUP_GO_TOGETHER
garage_submarine,GARAGE_SUBMARINE
gas_gas_up,GAS_GAS_UP
gate,GATE
gay,GAY
general,GENERAL
generation,GENERATION
generations_ago,GENERATIONS_AGO
geometry,GEOMETRY
get,GET
get_bigger,GET_BIGGER
get_close,GET_CLOSE
get_in,GET_IN
get_on,GET_ON
get_out,GET_OUT
get_rid_of,GET_RID_OF
get_ticket,GET_TICKET
get_up,GET_UP
ghost,GHOST
gift,GIFT
giggle,GIGGLE
giraffe,GIRAFFE
girl,GIRL
girl_baby_2,GIRL_BABY
girl_correct,GIRL_CORRECT
girl_correct_law,GIRL_CORRECT_LAW
girl_friend,GIRL_FRIEND
girl_marry,GIRL_MARRY
girl_scout,GIRL_SCOUT
give,GIVE
give_up,GIVE_UP
glasses,GLASS
glasses_2,GLASS
globe,GLOBE
glory,GLORY
gloves,GLOVE
gloves_2,GLOVE
glue,GLUE
go,GO
go_away,GO_AWAY
go_by_boat,GO_BY_BOAT
go_out,GO_OUT
go_to_it,GO_TO_IT
goal,GOAL
goat,GOAT
god,GOD
gold_ns_california,GOLD_CALIFORNIA
gold_ns_california_yellow,GOLD_CALIFORNIA_YELLOW
golf,GOLF
gone,GONE
good_enough,GOOD_ENOUGH
good_lucky,GOOD_LUCKY
good_morning,GOOD_MORNING
good_night,GOOD_NIGHT
goosebumps,GOOSEBUMP
gorilla,GORILLA
gossip,GOSSIP
government,GOVERNMENT
government_agent,GOVERNMENT_AGENT
grab,GRAB
grab_chance,GRAB_CHANCE
grad,GRAD
gradual_decline_a_lot,GRADUAL_DECLINE_A_LOT
gradual_improve,GRADUAL_IMPROVE
graduate,GRADUATE
grammar,GRAMMAR
grandfather,GRANDFATHER
grandmother,GRANDMOTHER
grapes,GRAPE
grass,GRASS
gray,GRAY
great,GREAT
greedy,GREEDY
green,GREEN
grief,GRIEF
grip,GRIP
grouchy,GROUCHY
ground,GROUND
ground_area_2,GROUND_AREA
group,GROUP
group_together,GROUP_TOGETHER
grow,GROW
grow__collect,GROW_COLLECT
grow_up,GROW_UP
guilty,GUILTY
guitar,GUITAR
gum,GUM
gun,GUN
gym,GYM
gymnastics,GYMNASTIC
h,H
habit,HABIT
hair,HAIR
hair_2_blond,HAIR_BLOND
hairbrush,HAIRBRUSH
haircut,HAIRCUT
haircut_agent,HAIRCUT_AGENT
haircut_trim,HAIRCUT_TRIM
half,HALF
half_half,HALF_HALF
hall,HALL
halloween,HALLOWEEN
halloween_2,HALLOWEEN
hallucinate,HALLUCINATE
hamburger,HAMBURGER
hammer,HAMMER
hands,HAND
handsome_ns_hawaii_2,HANDSOME_HAWAII
hang_up_phone,HANG_UP_PHONE
hanger,HANGER
hanukkah,HANUKKAH
happen,HAPPEN
happy,HAPPY
hard,HARD
hard_of_hearing,HARD_OF_HEARING
harmonica,HARMONICA
harp,HARP
hat,HAT
hate,HATE
have,HAVE
head,HEAD
head_cold,HEAD_COLD
headache,HEADACHE
headline,HEADLINE
hear_listen,HEAR_LISTEN
hear_listen_rumble,HEAR_LISTEN_RUMBLE
hear_noise,HEAR_NOISE
hear_rumble,HEAR_RUMBLE
hear_shut,HEAR_SHUT
hearing,HEAR
hearing_aid,HEARING_AID
heart,HEART
heart_attack,HEART_ATTACK
heart_beat,HEART_BEAT
heart_heart_beat,HEART_HEART_BEAT
heaven,HEAVEN
heaven_2,HEAVEN
heaven_3,HEAVEN
heavy,HEAVY
height,HEIGHT
height_2,HEIGHT
helicopter,HELICOPTER
hell,HELL
hello,HELLO
helmet,HELMET
here,HERE
heredity,HEREDITY
hide,HIDE
high,HIGH
high_heels,HIGH_HEEL
high_on_drugs,HIGH_ON_DRUG
highway,HIGHWAY
hill,HILL
history,HISTORY
hit,HIT
hitchhike,HITCHHIKE
hockey,HOCKEY
hold,HOLD
holy,HOLY
home,HOME
home_work,HOMEWORK
homework,HOMEWORK
honest,HONEST
honey_dear,HONEY_DEAR
honeymoon,HONEYMOON
honor,HONOR
hope,HOPE
horse,HORSE
horse_icl_s_holding_moving_pole_,HORSE_HOLDING_MOVING_POLE
horse_ride_on,HORSE_RIDE_ON
hospital,HOSPITAL
hot,HOT
hot_spicy,HOT_SPICY
hotel,HOTEL
hour,HOUR
house,HOUSE
house__p_pay,HOUSE_P_PAY
how,HOW
how_many_many,HOW_MANY_MANY
hug,HUG
humble,HUMBLE
hundred,HUNDRED
hungry_wish,HUNGRY_WISH
hunting,HUNT
hurricane,HURRICANE
hurry,HURRY
hurt,HURT
husband,HUSBAND
hypocrite,HYPOCRITE
i,I
i_love_you,I_LOVE_YOU
ice_cream,ICE_CREAM
ice_skate,ICE_SKATE
icl_c_pouring_over_,POURING_OVER
icl_f_peeling_paint_,PEELING_PAINT
icl_peeling_an_orange_,PEELING_AN_ORANGE
icl_peeling_skin_,PEELING_SKIN
icl_peeling_with_knife_,PEELING_WITH_KNIFE
icl_s_handling_something_long_and_narrow_,HANDLING_SOMETHING_LONG_AND_NARROW
icl_shaking_out_,SHAKING_OUT
icl_squeezing_small_object_,SQUEEZING_SMALL_OBJECT
idea,IDEA
identification,IDENTIFICATION
identify,IDENTIFY
if,IF
ignition_off,IGNITION_OFF
ignition_on,IGNITION_ON
ignore,IGNORE
illegal,ILLEGAL
imagine,IMAGINE
immature,IMMATURE
important,IMPORTANT
impossible,IMPOSSIBLE
impress_1p,IMPRESS
impress_memory,IMPRESS_MEMORY
improve_a_lot,IMPROVE_A_LOT
in,IN
in_five_years,IN_FIVE_YEAR
in_four_years,IN_FOUR_YEAR
in_three_years,IN_THREE_YEAR
include_involve,INCLUDE_INVOLVE
incompetent,INCOMPETENT
increase,INCREASE
independent,INDEPENDENT
individual,INDIVIDUAL
industry,INDUSTRY
inflate,INFLATE
inform,INFORM
inject,INJECT
innocent,INNOCENT
inspire,INSPIRE
instead,INSTEAD
institute,INSTITUTE
insult,INSULT
insurance_infection,INSURANCE_INFECTION
intercourse,INTERCOURS
interesting,INTERESTING
international,INTERNATIONAL
internet,INTERNET
interpret,INTERPRET
interpret__agent,INTERPRET_AGENT
interrupt,INTERRUPT
interview,INTERVIEW
introduce,INTRODUCE
invest,INVEST
invite_hire,INVITE_HIRE
iron_clothes,IRON_CLOTH
island_interest,ISLAND_INTEREST
isolated,ISOLATE
ix_1p,IX
ix_2p_pl_arc,IX_2P_PL_ARC
ix_honorific_i,IX_HONORIFIC
ix_i,IX_I
j,J
jack_o_lantern,JACK_O_LANTERN
jaw,JAW
jealous,JEALOUS
jelly,JELLY
jellyfish,JELLYFISH
jewelry,JEWELRY
jewish,JEWISH
join,JOIN
judge,JUDGE
juggle,JUGGLE
jump,JUMP
jump_forward,JUMP_FORWARD
jumprope,JUMP_ROPE
junior,JUNIOR
junior_2,JUNIOR
junior_3,JUNIOR
k,K
kangaroo,KANGAROO
karate,KARATE
keep,KEEP
keep_in_mind,KEEP_IN_MIND
ketchup,KETCHUP
key,KEY
kick,KICK
kick_off,KICK_OFF
kid,KID
kidney,KIDNEY
kill,KILL
kind,KIND
kindergarten,KINDERGARTEN
king,KING
king_area_2,KING_AREA
kiss,KISS
kite,KITE
kneel,KNEEL
kneeling,KNEEL
knife,KNIFE
knock,KNOCK
know,KNOW
know__1h_neg,KNOW_NEG
know__that,KNOW_THAT
know_nothing,KNOW_NOTHING
know_that,KNOW_THAT
l,L
label,LABEL
lacrosse,LACROSSE
ladder,LADDER
laid_up,LAID_UP
language,LANGUAGE
lantern,LANTERN
lap,LAP
laptop,LAPTOP
last,LAST
last_week,LAST_WEEK
latch,LATCH
late,LATE
later,LATER
later_2,LATER
laugh,LAUGH
law,LAW
law_agent,LAW_AGENT
lazy,LAZY
lcl_b_l_receive_from_heaven__book,RECEIVE_FROM_HEAVEN_BOOK
lcl_path_turn_around_,PATH_TURN_AROUND
lead,LEAD
lead_agent,LEAD_AGENT
leaf,LEAF
leak,LEAK
learn,LEARN
learn_agent,LEARN_AGENT
leather,LEATHER
leave,LEAVE
leave_there,LEAVE_THERE
lecture,LECTURE
left,LEFT
left_arm,LEFT_ARM
leg,LEG
legal_right,LEGAL_RIGHT
legislature,LEGISLATURE
lemon,LEMON
lend,LEND
lesbian,LESBIAN
less,LESS
less_than,LESS_THAN
letter_mail,LETTER_MAIL
library,LIBRARY
library_agent,LIBRARY_AGENT
license,LICENSE
lick,LICK
lid,LID
lie,LIE
lie_down,LIE_DOWN
lift,LIFT
light,LIGHT
light_flash,LIGHT_FLASH
light_house,LIGHT_HOUSE
light_light_on,LIGHT_LIGHT_ON
light_light_out,LIGHT_LIGHT_OUT
light_match,LIGHT_MATCH
light_weight,LIGHT_WEIGHT
lighthouse,LIGHTHOUSE
lightning,LIGHTNING
like,LIKE
like__1h_neg,LIKE_NEG
limit,LIMIT
line,LINE
line_up,LINE_UP
lined_paper,LINED_PAPER
linguistics,LINGUISTIC
lion,LION
lip_mouth,LIP_MOUTH
lipread,LIPREAD
lipstick,LIPSTICK
list,LIST
list_do_do,LIST_DO_DO
list_order_ix,LIST_ORDER
list_order_middle,LIST_ORDER_MIDDLE
list_order_pinky,LIST_ORDER_PINKY
list_order_ring,LIST_ORDER_RING
list_order_thumb,LIST_ORDER_THUMB
little,SMALL
little_bit,LITTLE_BIT
live,LIVE
lobster,LOBSTER
local,LOCAL
lock,LOCK
lollipop,LOLLIPOP
lonely,LONELY
long,LONG
long_ago,LONG_AGO
long_sleeve,LONG_SLEEVE
look,LOOK
look_by_eye,LOOK_BY_EYE
loose,LOOSE
lord,LORD
lord_god,LORD_GOD
lose,LOSE
lose_competition,LOSE_COMPETITION
lose_weight,LOSE_WEIGHT
lotion,LOTION
loudspeaker,LOUDSPEAKER
lousy,LOUSY
low,LOW
lowercase_tiny,LOWERCASE_TINY
lucky,LUCKY
lunch,LUNCH
lungs,LUNG
lutheran,LUTHERAN
lutheran__agent,LUTHERAN_AGENT
m,M
machine,MACHINE
mad,MAD
magazine,MAGAZINE
magic,MAGIC
magnet,MAGNET
magnet_2,MAGNET
magnet_3,MAGNET
major,MAJOR
make,MAKE
make_bubbles,MAKE_BUBBLE
male_cousin,MALE_COUSIN
man,MAN
man_2,MAN
manage_control,MANAGE_CONTROL
manage_control_agent,MANAGE_CONTROL_AGENT
many,MANY
marching,MARCH
marijuana,MARIJUANA
marionette,MARIONETT
marry,MARRY
mask,MASK
match,MATCH
material,MATERIAL
math,MATH
maximum,MAXIMUM
maybe,MAYBE
measles,MEASLE
meat,MEAT
medical_patient,MEDICAL_PATIENT
medicine,MEDICINE
meditate,MEDITATE
meet,MEET
meeting,MEETING
melon_pumpkin,MELON_PUMPKIN
melt_solve,MELT_SOLVE
member,MEMBER
memorize,MEMORIZE
menstruate,MENSTRUATE
mental_scar,MENTAL_SCAR
mentally_retarded,MENTALLY_RETARD
merge_mainstream,MERGE_MAINSTREAM
messed_up,MESSED_UP
metal,METAL
method,METHOD
microphone,MICROPHONE
microwave,MICROWAVE
middle,MIDDLE
middle_west,MIDDLE_WEST
midnight,MIDNIGHT
military,MILITARY
milk,MILK
milk_cow,MILK_COW
million,MILLION
million_2_agent,MILLION_AGENT
million_agent,MILLION_AGENT
mind,MIND
mind_blow_up,MIND_BLOW_UP
mind_off_course,MIND_OFF_COURSE
minor,MINOR
minute,MINUTE
mirror,MIRROR
miscommunicate,MISCOMMUNICATE
miss_assume,MISS_ASSUME
mistake,MISTAKE
misunderstand,MISUNDERSTAND
mix_up,MIX_UP
mold,MOLD
monday,MONDAY
money,MONEY
money__trade,MONEY_TRADE
monkey,MONKEY
mooch,MOOCH
moon,MOON
moose,MOOSE
mop,MOP
more,MORE
more_than,MORE_THAN
morning,MORNING
mosque,MOSQUE
mosquito,MOSQUITO
most,MOST
mother,MOTHER
mother_father,MOTHER_FATHER
mother_law,MOTHER_LAW
motivate,MOTIVATE
motivate__agent,MOTIVATE_AGENT
motor,MOTOR
motorcycle,MOTORCYCLE
mountain,MOUNTAIN
mouse_fiction,MOUSE_FICTION
move,MOVE
move_around,MOVE_AROUND
move_away,MOVE_AWAY
movie,MOVIE
movie_square,MOVIE_SQUARE
mow,MOW
mumps,MUMP
museum,MUSEUM
music,MUSIC
music__agent,MUSIC_AGENT
music__group_together,MUSIC_GROUP_TOGETHER
music_record,MUSIC_RECORD
muslim,MUSLIM
must,MUST
mustache,MUSTACHE
mystery,MYSTERY
n,N
nab,NAB
naked,NAKED
name,NAME
napkin,NAPKIN
narrow_street,NARROW_STREET
native,NATIVE
navy,NAVY
near,CLOSE
neat,NEAT
neck,NECK
necklace,NECKLACE
necktie,NECKTIE
negative,NEGATIVE
nephew,NEPHEW
nerve_vein,NERVE_VEIN
nervous,NERVOUS
nervy,NERVY
net,NET
neutral,NEUTRAL
never,NEVER
new,NEW
new_testament,NEW_TESTAMENT
next,NEXT
next_agent,NEXT_AGENT
next_to,NEXT_TO
next_week_2,NEXT_WEEK
next_year,NEXT_YEAR
nibble,NIBBLE
nice_clean,NICE_CLEAN
niece,NIECE
night,NIGHT
nine,NINE
nine_hour,NINE_HOUR
nine_months,NINE_MONTH
nine_weeks,NINE_WEEK
nineteen,NINETEEN
ninety_eight,NINETY_EIGHT
ninety_nine,NINETY_NINE
ninety_seven,NINETY_SEVEN
ninth,NINE
nipples,NIPPLE
no_problem,NO_PROBLEM
noise,NOISE
noise_rumble,NOISE_RUMBLE
none,NONE
noon,NOON
north,NORTH
nose,NOSE
nose_opposite,NOSE_OPPOSITE
not,NOT
not_care,NOT_CARE
not_mind,NOT_MIND
not_my_problem,NOT_MY_PROBLEM
not_satisfied,NOT_SATISFIED
not_yet,NOT_YET
nothing,NOTHING
nothing_at_all,NOTHING_AT_ALL
notice,NOTICE
now,NOW
now__d_day,NOW_D_DAY
ns__fla,FLA
ns__hi,HI
ns__kc,KC
ns__la,LA
ns__sd,SD
ns__sf,SF
ns__us,US
ns_africa,AFRICA
ns_africa_ns_america_agent,AFRICA_AMERICA_AGENT
ns_america,AMERICA
ns_america_sign_language,AMERICA_SIGN_LANGUAGE
ns_american_indian,AMERICAN_INDIAN
ns_arizona,ARIZONA
ns_asia,ASIA
ns_athens,ATHEN
ns_atlanta,ATLANTA
ns_australia,AUSTRALIA
ns_baltimore,BALTIMORE
ns_bangladesh,BANGLADESH
ns_belgium,BELGIUM
ns_boston,BOSTON
ns_britain,BRITAIN
ns_bulgaria,BULGARIA
ns_burger_king,BURGER_KING
ns_central_america,CENTRAL_AMERICA
ns_charlotte,CHARLOTTE
ns_chicago,CHICAGO
ns_china,CHINA
ns_coke,COKE
ns_color_fs_do,COLOR_D+O
ns_colorado,COLORADO
ns_colorado_2,COLORADO
ns_columbia,COLUMBIA
ns_costa_rica,COSTA_RICA
ns_dallas,DALLAS
ns_detroit,DETROIT
ns_ecuador,ECUADOR
ns_egypt,EGYPT
ns_el_salvador,EL_SALVADOR
ns_england_english,ENGLAND_ENGLISH
ns_europe,EUROPE
ns_fort_worth,FORT_WORTH
ns_fort_worth_dallas,FORT_WORTH_DALLAS
ns_france,FRANCE
ns_fs_beijing,B+E+IJ+I+N+G
ns_fs_chile,C+H+I+L+E
ns_fs_coke,C+O+K+E
ns_fs_dallas,D+A+L+L+A+S
ns_fs_jordan,J+O+R+D+A+N
ns_gallaudet,GALLAUDET
ns_germany,GERMANY
ns_golden_arches,GOLDEN_ARCH
ns_greece,GREECE
ns_greece_2,GREECE
ns_hawaii,HAWAII
ns_hollywood,HOLLYWOOD
ns_houston,HOUSTON
ns_hungary,HUNGARY
ns_india,INDIA
ns_iraq,IRAQ
ns_ireland,IRELAND
ns_island_haiti,ISLAND_HAITI
ns_israel,ISRAEL
ns_italy,ITALY
ns_jesus,JESUS
ns_jesus_agent,JESUS_AGENT
ns_jesus_book,JESUS_BOOK
ns_lincoln,LINCOLN
ns_london,LONDON
ns_maine,MAINE
ns_mcdonald,MCDONALD
ns_mexico_spain,MEXICO_SPAIN
ns_miami,MIAMI
ns_mickey_mouse,MICKEY_MOUSE
ns_montana,MONTANA
ns_moses,MOSE
ns_nat_amsterdam,AMSTERDAM
ns_nat_australia,AUSTRALIA
ns_nat_austria,AUSTRIA
ns_nat_beijing,BEIJING
ns_nat_bolivia,BOLIVIA
ns_nat_bombay,BOMBAY
ns_nat_brazil,BRAZIL
ns_nat_canada,CANADA
ns_nat_chile,CHILE
ns_nat_china,CHINA
ns_nat_cuba,CUBA
ns_nat_denmark,DENMARK
ns_nat_dominican_republic,DOMINICAN_REPUBLIC
ns_nat_dublin,DUBLIN
ns_nat_finland,FINLAND
ns_nat_germany,GERMANY
ns_nat_greece,GREECE
ns_nat_guatemala,GUATEMALA
ns_nat_hamburg,HAMBURG
ns_nat_hong_kong,HONG_KONG
ns_nat_hungary,HUNGARY
ns_nat_indonesia,INDONESIA
ns_nat_istanbul,ISTANBUL
ns_nat_italy,ITALY
ns_nat_jamaica,JAMAICA
ns_nat_japan,JAPAN
ns_nat_jerusalem,JERUSALEM
ns_nat_jordan,JORDAN
ns_nat_korea,KOREA
ns_nat_lebanon,LEBANON
ns_nat_malaysia,MALAYSIA
ns_nat_mexico,MEXICO
ns_nat_milan,MILAN
ns_nat_netherlands,NETHERLANDS
ns_nat_pakistan,PAKISTAN
ns_nat_poland,POLAND
ns_nat_russia,RUSSIA
ns_nat_shanghai,SHANGHAI
ns_nat_spain,SPAIN
ns_nat_sri_lanka,SRI_LANKA
ns_nat_thailand,THAILAND
ns_nat_trinidad_and_tobago,TRINIDAD_AND_TOBAGO
ns_netherlands,NETHERLAND
ns_new_orleans,NEW_ORLEAN
ns_new_york,NEW_YORK
ns_nigeria,NIGERIA
ns_north_america,NORTH_AMERICA
ns_paris,PARIS
ns_pepsi,PEPSI
ns_philadelphia,PHILADELPHIA
ns_pinocchio,PINOCCHIO
ns_pittsburgh,PITTSBURGH
ns_portugal,PORTUGAL
ns_portugal_2,PORTUGAL
ns_puerto_rico,PUERTO_RICO
ns_puerto_rico_2,PUERTO_RICO
ns_quebec,QUEBEC
ns_richmond,RICHMOND
ns_russia,RUSSIA
ns_santa_claus,SANTA_CLAUS
ns_scotland,SCOTLAND
ns_singapore,SINGAPORE
ns_sweden,SWEDEN
ns_switzerland,SWITZERLAND
ns_texas,TEXAS
ns_vietnam,VIETNAM
ns_washington,WASHINGTON
ns_washington_fs_dc,WASHINGTON_D+C
number,NUMBER
nun,NUN
nurse,NURSE
nut,NUT
o,O
obese,OBESE
obscure,OBSCURE
ocean,OCEAN
octopus,OCTOPUS
of_course,OF_COURSE
off,OFF
office,OFFICE
often,OFTEN
oh_i_see,OH_I_SEE
oil,OIL
old,OLD
old_less_than,OLD_LESS_THAN
on,ON
once,ONCE
once_in_a_while,ONCE_IN_A_WHILE
one,ONE
one_fourth,ONE_FOURTH
one_hundred,ONE_HUNDRED
one_million,ONE_MILLION
one_month,ONE_MONTH
one_more,ONE_MORE
one_night_stand,ONE_NIGHT_STAND
one_third,ONE_THIRD
one_thousand,ONE_THOUSAND
one_week,ONE_WEEK
onion,ONION
open,OPEN
open_door,OPEN_DOOR
open_window,OPEN_WINDOW
opinion,OPINION
opportunity,OPPORTUNITY
opposite,OPPOSITE
opposite_agent,OPPOSITE_AGENT
option,OPTION
orange,ORANGE
orbit,ORBIT
order,ORDER
organ_music,ORGAN_MUSIC
organization,ORGANIZATION
orthodox,ORTHODOX
other,OTHER
out,OUT
over_after,OVER_AFTER
overflow,OVERFLOW
overhead_projector,OVERHEAD_PROJECTOR
overlook,OVERLOOK
overwhelmed,OVERWHELM
owl,OWL
p,P
pack,PACK
paddle_canoe,PADDLE_CANO
pager,PAGER
paint,PAINT
paint_agent,PAINT_AGENT
pancake,PANCAKE
pants,PANT
paper,PAPER
paper__clip,PAPER_CLIP
paper__square,PAPER_SQUARE
paper_check_card,PAPER_CHECK_CARD
parachute,PARACHUTE
paragraph,PARAGRAPH
parallel,PARALLEL
parentheses,PARENTHESES
park,PARK
park__drop_coins,PARK_DROP_COIN
parliament,PARLIAMENT
party,PARTY
pass,PASS
pass_down,PASS_DOWN
pass_out,PASS_OUT
past,PAST
past_night,PAST_NIGHT
past_year,PAST_YEAR
pat_on_back,PAT_ON_BACK
patient,PATIENT
patronize_frequent,PATRONIZE_FREQUENT
pay,PAY
pay__finish,PAY_FINISH
pay_attention,PAY_ATTENTION
pay_in_full,PAY_IN_FULL
pcl_5_c_l_crowd_,CROWD
pcl_5_coming_in_,COMING_IN
pea_brain,PEA_BRAIN
peach,PEACH
peak_mountain,PEAK_MOUNTAIN
pear,PEAR
peas,PEA
peek_around,PEEK_AROUND
pencil,PENCIL
penguin,PENGUIN
people,PEOPLE
people_audience,PEOPLE_AUDIENCE
perceive,PERCEIVE
percent,PERCENT
perfect,PERFECT
perfume,PERFUME
period,PERIOD
period_on_page,PERIOD_ON_PAGE
permit,PERMIT
person,PERSON
personality,PERSONALITY
perspective,PERSPECTIVE
pet_spoiled,PET_SPOILED
phone,PHONE
phone_push_buttons,PHONE_PUSH_BUTTON
physical,PHYSICAL
physics,PHYSICS
piano,PIANO
pick_choose,PICK_CHOOSE
pickle,PICKLE
picnic,PICNIC
picture,PICTURE
pie,PIE
pig,PIG
pilgrim,PILGRIM
pillow,PILLOW
pimples,PIMPLE
pin,PIN
pineapple,PINEAPPLE
ping_pong_tennis,PING_PONG_TENNIS
pink,PINK
pipe,PIPE
pirate,PIRATE
piss_off,PISS_OFF
pitch_a_ball,PITCH_A_BALL
pitcher,PITCHER
pitcher_2,PITCHER
pity,PITY
pizza,PIZZA
pizza_2,PIZZA
pizza_3,PIZZA
place,PLACE
plan,PLAN
plant_seeds,PLANT_SEED
plastic,PLASTIC
play,PLAY
play_agent,PLAY_AGENT
play_around,PLAY_AROUND
play_ground,PLAY_GROUND
please__1h_enjoy,PLEASE_ENJOY
plenty,PLENTY
plug,PLUG
plus,PLUS
pneumonia,PNEUMONIA
pocket,POCKET
poem,POEM
poetry,POETRY
point_to,POINT_TO
poke,POKE
policy,POLICY
polite,POLITE
politics,POLITICS
ponder,PONDER
poor,POOR
pop_cork,POP_CORK
pop_up,POP_UP
popcorn,POPCORN
pope,POPE
poss__i,POSS
poss_1p,POSS
poss_2p,POSS
poster,POSTER
postpone,POSTPONE
potato,POTATO
pound_weigh,POUND_WEIGH
pour,POUR
power,POWER
powerful,POWERFUL
practice,PRACTICE
pray,PRAY
preach,PREACH
preach__agent,PREACH_AGENT
predict,PREDICT
predict_agent,PREDICT_AGENT
pregnant,PREGNANT
presbyterian,PRESBYTERIAN
president,PRESIDENT
press_buttons,PRESS_BUTTON
pressure,PRESSURE
prevent,PREVENT
price,PRICE
priest,PRIEST
prince,PRINCE
princess,PRINCESS
principal,PRINCIPAL
print,PRINT
print_agent,PRINT_AGENT
priority,PRIORITY
prison,PRISON
prison__agent,PRISON_AGENT
prize_drawing,PRIZE_DRAWING
problem,PROBLEM
proceed,PROCEED
program,PROGRAM
progress,PROGRESS
project,PROJECT
promiscuous,PROMISCUOUS
promise,PROMISE
proportion,PROPORTION
protest,PROTEST
protestant,PROTESTANT
proud,PROUD
prove,PROVE
psychiatry,PSYCHIATRY
psychiatry__agent,PSYCHIATRY_AGENT
psychology,PSYCHOLOGY
psychology__agent,PSYCHOLOGY_AGENT
puff_smoke,PUFF_SMOKE
pull,PULL
pulsate,PULSATE
pumps,PUMP
punch,PUNCH
punish,PUNISH
puppet,PUPPET
purple,PURPLE
purse,PURSE
push,PUSH
put,PUT
put_on_gloves,PUT_ON_GLOVE
put_on_hearing_aid,PUT_ON_HEARING_AID
put_on_ring,PUT_ON_RING
puzzle_push_buttons,PUZZLE_PUSH_BUTTON
q,Q
q_tip,Q_TIP
qmwg,QMWG
quadruple,QUADRUPLE
queen,QUEEN
question,QUESTION
quiet,QUIET
quintuple,QUINTUPLE
quit,QUIT
quote_topic,QUOTE_TOPIC
r,R
rabbi,RABBI
rabbi_2,RABBI
rabbit,RABBIT
raccoon,RACCOON
radio,RADIO
rain,RAIN
rainbow,RAINBOW
rake,RAKE
ram,RAM
rat,RAT
rattle,RATTLE
read,READ
ready,READY
really,REALLY
really_nice_clean,REALLY_NICE_CLEAN
really_poss_i,REALLY
reason,REASON
recent_past,RECENT_PAST
recline_rocking_chair,RECLINE_ROCKING_CHAIR
record,RECORD
record_break_record,RECORD_BREAK_RECORD
recycle,RECYCLE
red,RED
red_black_checkers,RED_BLACK_CHECKER
red_blood,RED_BLOOD
red_blush,RED_BLUSH
red_dcl_face_,RED_FACE
red_fs_berry,RED_B+E+R+R+Y
red_slice,RED_SLICE
reduce,REDUCE
refer,REFER
reflect,REFLECT
refuse,DENY
register,REGISTER
regular,REGULAR
reins,REIN
reject,REJECT
relationship,RELATIONSHIP
relationship_off,RELATIONSHIP_OFF
relative,RELATIVE
relay_operator,RELAY_OPERATOR
religion,RELIGION
remember,REMEMBER
remind,REMIND
remind_2p,REMIND
remove,REMOVE
renovation__agent,RENOVATION_AGENT
repair,REPAIR
replace,REPLACE
report,REPORT
report_agent,REPORT_AGENT
republican,REPUBLICAN
request,REQUEST
require,REQUIRE
research,RESEARCH
respect,RESPECT
responsibility,RESPONSIBILITY
rest,REST
restaurant,RESTAURANT
restless,RESTLESS
result,RESULT
retire,RETIRE
revenge,REVENGE
review,REVIEW
rib,RIB
ribs,RIB
rich,RICH
ride,RIDE
ride_on,RIDE_ON
rifle,RIFLE
right,RIGHT
ring,RING
rip,RIP
river,RIVER
road,ROAD
rock,ROCK
rocket,ROCKET
roller_blade,ROLLER_BLADE
roller_skate,ROLLER_SKATE
rolling,ROLL
roommate,ROOMMATE
rooster,ROOSTER
rope,ROPE
rough,ROUGH
rowing,ROWING
royal,ROYAL
rub,RUB
rubber,RUBBER
rude,RUDE
ruin,RUIN
rule,RULE
run,RUN
run_machine,RUN_MACHINE
run_out,RUN_OUT
runny_nose,RUNNY_NOSE
s,S
sad,SAD
safe,SAFE
safe_2_agent,SAFE_AGENT
safe_agent,SAFE_AGENT
sailboat,SAILBOAT
salad,SALAD
salt,SALT
same,SAME
same_old,SAME_OLD
same_time,SAME_TIME
sandwich,SANDWICH
sarcasm,SARCASM
satisfied,SATISFY
saturday,SATURDAY
sauce,SAUCE
sausage_hot_dog,SAUSAGE_HOT_DOG
save,SAVE
save_money,SAVE_MONEY
saw,SAW
say,SAY
scarf,SCARF
schedule,SCHEDULE
school,SCHOOL
science,SCIENCE
science_agent,SCIENCE_AGENT
scl_3_vehicle___dcl_1_speedometer_,VEHICLE_SPEEDOMETER
scl_f_small_circle_,SMALL_CIRCLE
scl_v_person_falling_forward_,PERSON_FALLING_FORWARD
scl_v_person_falling_in_place_,PERSON_FALLING_IN_PLACE
scl_v_person_rolling_around_,PERSON_ROLLING_AROUND
scl_v_person_walking_,PERSON_WALKING
scl_v_person_walking_up_ladder_,PERSON_WALKING_UP_LADDER
scold,SCOLD
scooter,SCOOTER
scout,SCOUT
scrape,SCRAPE
scream,SCREAM
screen_filter,SCREEN_FILTER
screen_filter__window,SCREEN_FILTER_WINDOW
screwdriver,SCREWDRIVER
scuba,SCUBA
search_for,SEARCH_FOR
seat_belt,SEAT_BELT
second,SECOND
second_in_list_2,SECOND_IN_LIST
second_of_time,SECOND_OF_TIME
second_place,SECOND_PLACE
secret,SECRET
secret_hide,SECRET_HIDE
secretary,SECRETARY
see,SEE
see_saw,SEE_SAW
see_see,SEE_SEE
seem,SEEM
self__i,SELF
self_1p,SELF
self_2p,SELF
sell,SELL
semester,SEMESTER
senate,SENATE
send,SEND
send_mail,SEND_MAIL
senior,SENIOR
senior_citizen,SENIOR_CITIZEN
sensitive,SENSITIVE
sentence,SENTENCE
separate,SEPARATE
serious,SERIOUS
service,SERVICE
service_agent,SERVICE_AGENT
set_up,SET_UP
seven,SEVEN
seven_hour,SEVEN_HOUR
seven_hours,SEVEN_HOUR
seven_months,SEVEN_MONTH
seven_weeks,SEVEN_WEEK
seventeen,SEVENTEEN
seventh,SEVEN
seventy_eight,SEVENTY_EIGHT
seventy_nine,SEVENTY_NIN
seventy_seven,SEVENTY_SEVEN
seventy_six,SEVENTY_SIX
sew,SEW
sex_gender,SEX_GENDER
shake_by_hands,SHAKE_BY_HAND
shame,SHAME
shampoo,SHAMPOO
shape_statue,SHAPE_STATUE
sharp,SHARP
shave,SHAVE
shears_shave,SHEARS_SHAVE
sheep,SHEEP
sheet_cake,SHEET_CAKE
shelf_floor,SHELF_FLOOR
shh_confidential,SHH_CONFIDENTIAL
shine,SHINE
ship,SHIP
shoe,SHOE
shoe_half_limb,SHOE_HALF_LIMB
shoe_heel,SHOE_HEEL
shoot,SHOOT
shoot_arrow,SHOOT_ARROW
shore,SHORE
short,SHORT
short_height,SHORT_HEIGHT
short_sleeve,SHORT_SLEEVE
shorts,SHORT
should,SHOULD
shovel_dig,SHOVEL_DIG
show,SHOW
show_agent,SHOW_AGENT
shower,SHOWER
shut,SHUT
shut_up,SHUT_UP
shy,SHY
sick,SICK
sick_silly,SICK_SILLY
side,SIDE
sign,SIGN
sign_language,SIGN_LANGUAGE
signature,SIGNATURE
silly,SILLY
silver,SILVER
simmer,SIMMER
simple,SIMPLE
sister,SISTER
sit,SIT
sit__dcl_crvd_b_couch_shaped_object_,SIT_COUCH_SHAPED_OBJECT
situation,SITUATION
six,SIX
six_dollars,SIX_DOLLAR
six_hour,SIX_HOUR
six_hours,SIX_HOUR
six_months,SIX_MONTH
six_weeks,SIX_WEEK
sixteen,SIXTEEN
sixth,SIX
sixty_eight,SIXTY_EIGHT
sixty_nine,SIXTY_NIN
sixty_seven,SIXTY_SEVEN
sixty_six,SIXTY_SIX
size,SIZE
ski,SKI
skill,SKILL
skin,SKIN
skirt,SKIRT
skunk,SKUNK
sky,SKY
skyscraper,SKYSCRAPER
slave,SLAVE
sleep,SLEEP
sleep_dress_clothes,SLEEP_DRESS_CLOTH
slice,SLICE
sliding_doors,SLIDING_DOOR
slim,SLIM
slipper,SLIPPER
slippery,SLIPPERY
slow,SLOW
small,SMALL
smell,SMELL
smelly,SMELLY
smile,SMILE
smoke,SMOKE
smooth,SMOOTH
smooth_surface,SMOOTH_SURFACE
snake,SNAKE
snake_wag,SNAKE_WAG
sneeze,SNEEZE
snob,SNOB
snorkel,SNORKEL
snow,SNOW
snow_motorcycle,SNOW_MOTORCYCLE
snowboard,SNOWBOARD
snowmobile,SNOWMOBILE
so_so,SO_SO
soap,SOAP
social_interact,SOCIAL_INTERACT
social_work,SOCIAL_WORK
society,SOCIETY
socks,SOCK
soda,SODA
soft,SOFT
some,SOME
something_one,SOMETHING_ONE
sometimes,SOMETIME
son,SON
soon,SOON
sophisticated,SOPHISTICATE
sophomore,SOPHOMORE
sophomore_2,SOPHOMORE
sorry,SORRY
soup,SOUP
south,SOUTH
south__a_ns_africa,SOUTH_AFRICA
spaghetti,SPAGHETTI
spank,SPANK
speakers,SPEAKER
special_except,SPECIAL_EXCEPT
specialty,SPECIALTY
speech_oral,SPEECH_ORAL
spell,SPELL
spend,SPEND
spicy,SPICY
spider,SPIDER
spill,SPILL
spin,SPIN
spit,SPIT
spread,SPREAD
sprinkler,SPRINKLER
square,SQUARE
squared,SQUARED
squirrel,SQUIRREL
stab,STAB
stage,STAGE
stamp,STAMP
stamp_seal,STAMP_SEAL
stand,STAND
stand_up,STAND_UP
stand_up_ascend,STAND_UP_ASCEND
star,STAR
start,START
state,STATE
statistics,STATISTICS
steal,STEAL
stealthy,STEALTHY
steam,STEAM
steep,STEEP
stepladder,STEPLADDER
steps,STEP
sticky,STICKY
still,STILL
stimulate,STIMULATE
sting,STING
sting_face,STING_FACE
stink,STINK
stir,STIR
stitch,STITCH
stomach,STOMACH
stop,STOP
stoplight,STOPLIGHT
storm_clouds,STORM_CLOUD
story,STORY
story__agent,STORY_AGENT
story_tell,STORY_TELL
straight,STRAIGHT
strange,STRANGE
strangle,STRANGLE
straw,STRAW
strawberry,STRAWBERRY
stray_deviate,STRAY_DEVIATE
strict,STRICT
string,STRING
strip,STRIP
strip_paint,STRIP_PAINT
stripes,STRIPE
strong,STRONG
structure,STRUCTURE
struggle,STRUGGLE
stubborn,STUBBORN
stuck,STUCK
study,STUDY
stupid,STUPID
stupid_3,STUPID
subscribe,SUBSCRIBE
subtract,SUBTRACT
subway,SUBWAY
succeed,SUCCEED
suffer,SUFFER
sugar_sweet,SUGAR_SWEET
suggest,SUGGEST
suitcase,SUITCASE
sulk,SULK
summarize,SUMMARY
summer,SUMMER
summon,SUMMON
sun,SUN
sunday,SUNDAY
sunrise,SUNRISE
sunset,SUNSET
sunshine,SUNSHINE
superior,SUPERIOR
supervise,SUPERVISE
supervise_agent,SUPERVISE_AGENT
support,SUPPORT
support__agent,SUPPORT_AGENT
surface,SURFACE
surgery,SURGERY
surprise,SURPRISE
surround,SURROUND
suspect,SUSPECT
suspend,SUSPEND
swallow,SWALLOW
swear,SWEAR
sweat,SWEAT
sweater,SWEATER
sweetheart,SWEETHEART
swim,SWIM
swing,SWING
switch,SWITCH
symbol,SYMBOL
system,SYSTEM
t,T
table,TABLE
tail,TAIL
take,TAKE
take_a_hike,TAKE_A_HIKE
take_advantage,TAKE_ADVANTAGE
take_break,TAKE_BREAK
take_notes,TAKE_NOTE
take_off,TAKE_OFF
take_picture,TAKE_PICTURE
take_pill,TAKE_PILL
take_subway,TAKE_SUBWAY
take_train,TAKE_TRAIN
take_up,TAKE_UP
talk,TALK
talk_over,TALK_OVER
talk_to_self,TALK_TO_SELF
tall,TALL
tan,TAN
tank_top,TANK_TOP
tap_dance,TAP_DANCE
tape,TAPE
tape_recording,TAPE_RECORD
taste,TASTE
tattle,TATTLE
tattoo,TATTOO
tea,TEA
teach,TEACH
teach__agent,TEACH_AGENT
team,TEAM
tease,TEASE
technology__agent,TECHNOLOGY_AGGENT
teenager,TEENAGER
teeth,TEETH
telescope,TELESCOPE
tell_i,TELL
temperature,TEMPERATURE
temple,TEMPLE
tempt,TEMPT
ten,TEN
ten_eight,TEN_EIGHT
tend,TEND
test,TEST
test_2,TEST
texting,TEXTING
than,THAN
thanksgiving,THANKSGIVING
that,THAT
then,THEN
theory,THEORY
therefore,THEREFORE
thermometer,THERMOMETER
these,THESE
thief,THIEF
thin,THIN
thing,THING
think,THINK
think__2h_pass_out,THINK_PASS_OUT
think_about,THINK_ABOUT
think_agree,THINK_AGREE
think_decide,THINK_DECIDE
think_faith,THINK_FAITH
think_focus_narrow,THINK_FOCUS_NARROW
think_general,THINK_GENERAL
think_grab_chance,THINK_GRAB_CHANCE
think_marry,THINK_MARRY
think_mean,THINK_MEAN
think_messed_up,THINK_MESSED_UP
think_mix_up,THINK_MIX_UP
think_opposite,THINK_OPPOSITE
think_over,THINK_OVER
think_shock,THINK_SHOCK
think_talk_to_self,THINK_TALK_TO_SELF
third,THIRD
third_in_list,THIRD_IN_LIST
third_place,THIRD_PLACE
thirsty,THIRSTY
thirteen,THIRTEEN
thirty,THIRTY
thirty_three,THIRTY_THREE
this_place,THIS_PLACE
thousand,THOUSAND
three,THREE
three_2_hour,THREE_HOUR
three_fourths,THREE_FOURTH
three_hour,THREE_HOUR
three_months,THREE_MONTH
three_more,THREE_MORE
three_weeks,THREE_WEEK
thrill_what_s_up,THRILL_WHAT_S_UP
throat,THROAT
throat_hurt,THROAT_HURT
through,THROUGH
throw,THROW
throw_away,THROW_AWAY
throw_ball,THROW_BALL
throw_basketball,THROW_BASKETBALL
throw_softball,THROW_SOFTBALL
thumb,THUMB
thumbtack_button,THUMBTACK_BUTTON
thursday,THURSDAY
tickle,TICKLE
tie,TIE
tiger,TIGER
time,TIME
time___1h__what_,TIME_WHAT
time__dcl_circular_object_,TIME_CIRCULAR_OBJECT
time_period,TIME_PERIOD
tiptoe,TIPTOE
tired,TIRE
to_fool,TO_FOOL
to_until,TO_UNTIL
toast,TOAST
tobacco,TOBACCO
together_go_steady,TOGETHER_GO_STEADY
toilet,TOILET
tomato,TOMATO
tomorrow,TOMORROW
tongue,TONGUE
tooth_glass,TOOTH_GLASS
toothbrush,TOOTHBRUSH
toothpaste,TOOTHPASTE
top,TOP
tornado,TORNADO
torture,TORTURE
toss,TOSS
total,TOTAL
touch,TOUCH
touch_heart,TOUCH_HEART
tough,TOUGH
tournament,TOURNAMENT
towel,TOWEL
trace_heart,TRACE_HEART
tradition,TRADITION
traffic,TRAFFIC
train,TRAIN
transfer,TRANSFER
translate,TRANSLAT
transportation,TRANSPORT
trap,TRAP
trash_bag,TRASH_BAG
travel,TRAVEL
treat,TREAT
tree_dcl_branch_,TREE_BRANCH
tree_pl,TREE_PL
trigonometry,TRIGONOMETRY
trim,TRIM
trim_hedge,TRIM_HEDGE
trip,TRIP
triple,TRIPLE
trombone,TROMBONE
trophy,TROPHY
trouble,TROUBLE
trumpet,TRUMPET
try,TRY
tuesday,TUESDAY
tunnel,TUNNEL
turn,TURN
turn_brother,TURN_BROTHER
turn_down,TURN_DOWN
turn_fatherwg,TURN_FATHERWG
turn_girl_correct,TURN_GIRL_CORRECT
turn_mother,TURN_MOTHER
turn_page,TURN_PAGE
turn_page_2,TURN_PAGE
turn_sister,TURN_SISTER
turtle,TURTLE
tutor,TUTOR
twelve,TWELVE
twenty,TWENTY
twenty_five,TWENTY_FIVE
twenty_one,TWENTY_ONE
twenty_three,TWENTY_THREE
twenty_two,TWENTY_TWO
twice,TWICE
twins,TWIN
twist,TWIST
two,TWO
two_2_hour,TWO_HOUR
two_hours,TWO_HOUR
two_months,TWO_MONTH
two_more,TWO_MORE
two_weeks,TWO_WEEK
type,TYPE
typewriter,TYPEWRITER
u,U
ugly,UGLY
umbrella,UMBRELLA
uncle,UNCLE
under,UNDER
underpants,UNDERPANT
understand,UNDERSTAND
underwear_precious,UNDERWEAR_PRECIOUS
uniform,UNIFORM
universe,UNIVERSE
university,UNIVERSITY
up,UP
up_ahead,UP_AHEAD
up_to_now,UP_TO_NOW
upper,UPPER
upset,UPSET
upside_down,UPSIDE_DOWN
upstairs,UPSTAIR
urge,URGE
use,USE
use__agent,USE_AGENT
used_to,USED_TO
v,V
vacation,VACATION
vacuum,VACUUM
vacuum_up,VACUUM_UP
vagina,VAGINA
vague,VAGUE
vain,VAIN
valley,VALLEY
vanilla,VANILLA
vary,VARY
vegetable,VEGETABLE
very,VERY
very_fast,VERY_FAST
veto_reject,VETO_REJECT
vibrate,VIBRATE
vice_president,VICE_PRESIDENT
video_camera,VIDEO_CAMERA
videotape_2,VIDEOTAPE
vinegar,VINEGAR
violin,VIOLIN
virgin,VIRGIN
virgin_fs_mary,VIRGIN_FS_MARY
virgin_mary,VIRGIN_MARY
visit_agent,VISIT_AGENT
visit_i,VISIT
visualize,VISUALIZE
vocabulary,VOCABULARY
vodka,VODKA
voice,VOICE
voice___1_temperature_pitch,VOICE_TEMPERATURE_PITCH
volleyball,VOLLEYBALL
volunteer_shirt,VOLUNTEER_SHIRT
vomit,VOMIT
vote,VOTE
w,W
wag,WAG
waist,WAIST
wait,WAIT
wait_a_minute,WAIT_A_MINUTE
wake_up,WAKE_UP
walk,WALK
wall,WALL
wallet,WALLET
want,WANT
want_neg,WANT_NEG
warm,HOT
warn,WARN
wash,WASH
wash_dish,WASH_DISH
wash_dish_pl,WASH_DISH
wash_face,WASH_FACE
wash_hands,WASH_HAND
washing_machine,WASHING_MACHINE
washing_machine_soap,WASHING_MACHINE_SOAP
waste,WASTE
watch,WATCH
water,WATER
water__melon_pumpkin,WATER_MELON_PUMPKIN
water__scl_5_waterfall_,WATER__WATERFALL
water__sprinkler,WATER_SPRINKLER
water_bcl_drinking_from_a_water_fountain_,WATER_DRINKING_FROM_A_WATER_FOUNTAIN
water_dcl_round_flat_,WATER_ROUND_FLAT
water_flow_2,WATER_FLOW
water_ocean,WATER_OCEAN
water_pump,WATER_PUMP
water_rise,WATER_RISE
water_river,WATER_RIVER
water_water_rise,WATER_WATER_RISE
watermelon,WATERMELON
wave_goodbye,WAVE_GOODBYE
weak,WEAK
wealthy,WEALTHY
weather,WEATHER
weave,WEAVE
wedding,MARRIAGE
wednesday,WEDNESDAY
weekend,WEEKEND
welcome,WELCOME
west,WEST
wet,WET
whale,WHALE
whale_2,WHALE
what,WHAT
wheel,WHEEL
wheel_cart,WHEEL_CART
wheelbarrow,WHEELBARROW
wheelchair,WHEELCHAIR
wheelchair_2,WHEELCHAIR
when,WHEN
where,WHERE
whew_relieved,WHEW_RELIEVED
which,WHICH
whip,WHIP
whiskers,WHISKER
whisper,WHISPER
whisper_3,WHISPER
whistle,WHISTLE
white,WHITE
white__5_face,WHITE_FACE
white_chalk,WHITE_CHALK
who,WHO
why,WHY
wide,WIDE
wife,WIFE
wild_2,WILD
wild_about,WILD_ABOUT
win,WIN
wind,WIND
window,WINDOW
wine,WINE
wine_bottle,WINE_BOTTLE
wine_pop_cork,WINE_POP_CORK
wisdom,WISDOM
witch,WITCH
with,WITH
with_neg,WITH_NEG
wolf,WOLF
woman,WOMAN
wonder,WONDER
wood,WOOD
word,WORD
work,WORK
work_out,WORK_OUT
workshop,WORKSHOP
world,WORLD
worm,WORM
worry,WORRY
worse,WORSE
worth,WORTH
worth_neg,WORTH_NEG
wow,WOW
wow_awful,WOW_AWFUL
wrap,WRAP
wrench_plumbing,WRENCH
wrestle__agent,WRESTLE_AGENT
wrist,WRIST
write,WRITE
write_agent,WRITE_AGENT
wrong,WRONG
x,X
xylophone,XYLOPHONE
y,Y
yawn,YAWN
yawn_2,YAWN
year,YEAR
yellow,YELLOW
yes,YES
yesterday,YESTERDAY
yom_kippur,YOM_KIPPUR
young,YOUNG
z,Z
zero,ZERO
zipper,ZIPPER
zits,ZIT
false,FALSE
